{
  "_meta": {
    "author": "Ingo Mesche",
    "affiliation": "Independent Researcher, Malta",
    "framework": "MTDF V74"
  },
  "description": "Step 20: Strong lensing time delays",
  "part_A_time_delay_formula": {
    "theorem": "The MTDF time-delay formula is identical to standard GR. eta = 1 exactly (Step 19: pressureless dust, zero anisotropic stress). No modified-gravity correction to time delays.",
    "metric": "ds^2 = -(1+2Phi/c^2)c^2 dt^2 + (1-2Psi/c^2)(dx^2+dy^2+dz^2)",
    "shapiro_integrand": "(Phi + Psi) / c^3 = 2 Phi / c^3 (since Phi = Psi)",
    "Ddt_formula": "D_dt = (1+z_L) D_L D_S / D_LS",
    "eta_MTDF": 1.0,
    "eta_sensitivity": {
      "eta_values": [
        0.9,
        0.95,
        1.0,
        1.05,
        1.1
      ],
      "correction_factor": [
        0.95,
        0.975,
        1.0,
        1.025,
        1.05
      ],
      "fractional_Ddt_shift_percent": [
        -5.000000000000004,
        -2.500000000000002,
        0.0,
        2.499999999999991,
        5.000000000000004
      ],
      "note": "A 10% deviation in eta would shift inferred D_dt by ~5%. MTDF predicts zero shift (eta = 1 exact)."
    }
  },
  "part_B_distances": {
    "B1608+656": {
      "z_L": 0.6304,
      "z_S": 1.394,
      "D_dt_global_Mpc": 5330.583230247339,
      "D_dt_mtdf_local_Mpc": 4917.51220502522,
      "D_dt_h0licow_Mpc": 4901.518550050077,
      "ratio_global_to_local": 1.084
    },
    "RXJ1131-1231": {
      "z_L": 0.295,
      "z_S": 0.654,
      "D_dt_global_Mpc": 2424.1659669536875,
      "D_dt_mtdf_local_Mpc": 2236.315467669454,
      "D_dt_h0licow_Mpc": 2229.042103310758,
      "ratio_global_to_local": 1.0839999999999999
    },
    "HE0435-1223": {
      "z_L": 0.4546,
      "z_S": 1.693,
      "D_dt_global_Mpc": 2861.5930553941553,
      "D_dt_mtdf_local_Mpc": 2639.8459920610294,
      "D_dt_h0licow_Mpc": 2631.2601900895784,
      "ratio_global_to_local": 1.0839999999999999
    },
    "SDSS1206+4332": {
      "z_L": 0.745,
      "z_S": 1.789,
      "D_dt_global_Mpc": 5969.137323934896,
      "D_dt_mtdf_local_Mpc": 5506.584247172417,
      "D_dt_h0licow_Mpc": 5488.6747016809295,
      "ratio_global_to_local": 1.0839999999999992
    },
    "WFI2033-4723": {
      "z_L": 0.6575,
      "z_S": 1.662,
      "D_dt_global_Mpc": 5060.757954457176,
      "D_dt_mtdf_local_Mpc": 4668.595898945735,
      "D_dt_h0licow_Mpc": 4653.4118162402965,
      "ratio_global_to_local": 1.0839999999999999
    },
    "PG1115+080": {
      "z_L": 0.311,
      "z_S": 1.722,
      "D_dt_global_Mpc": 1731.9871553997118,
      "D_dt_mtdf_local_Mpc": 1597.77412859752,
      "D_dt_h0licow_Mpc": 1592.577548075588,
      "ratio_global_to_local": 1.084
    }
  },
  "part_C_h0licow_comparison": {
    "lenses": [
      {
        "name": "B1608+656",
        "z_L": 0.6304,
        "z_S": 1.394,
        "D_dt_obs_Mpc": 5156,
        "D_dt_err_p": 296,
        "D_dt_err_m": 236,
        "D_dt_global_Mpc": 5330.583230247339,
        "D_dt_local_Mpc": 4917.51220502522,
        "tension_global_sigma": 0.6563279332606733,
        "tension_local_sigma": -0.8965706577999237,
        "ref": "Suyu+2010"
      },
      {
        "name": "RXJ1131-1231",
        "z_L": 0.295,
        "z_S": 0.654,
        "D_dt_obs_Mpc": 2096,
        "D_dt_err_p": 98,
        "D_dt_err_m": 83,
        "D_dt_global_Mpc": 2424.1659669536875,
        "D_dt_local_Mpc": 2236.315467669454,
        "tension_global_sigma": 3.626143281256216,
        "tension_local_sigma": 1.5504471565685518,
        "ref": "Suyu+2014"
      },
      {
        "name": "HE0435-1223",
        "z_L": 0.4546,
        "z_S": 1.693,
        "D_dt_obs_Mpc": 2707,
        "D_dt_err_p": 183,
        "D_dt_err_m": 168,
        "D_dt_global_Mpc": 2861.5930553941553,
        "D_dt_local_Mpc": 2639.8459920610294,
        "tension_global_sigma": 0.8808721105080073,
        "tension_local_sigma": -0.3826439198801744,
        "ref": "Wong+2017"
      },
      {
        "name": "SDSS1206+4332",
        "z_L": 0.745,
        "z_S": 1.789,
        "D_dt_obs_Mpc": 5769,
        "D_dt_err_p": 589,
        "D_dt_err_m": 471,
        "D_dt_global_Mpc": 5969.137323934896,
        "D_dt_local_Mpc": 5506.584247172417,
        "tension_global_sigma": 0.37761759232999226,
        "tension_local_sigma": -0.4951240619388354,
        "ref": "Birrer+2019"
      },
      {
        "name": "WFI2033-4723",
        "z_L": 0.6575,
        "z_S": 1.662,
        "D_dt_obs_Mpc": 4784,
        "D_dt_err_p": 399,
        "D_dt_err_m": 248,
        "D_dt_global_Mpc": 5060.757954457176,
        "D_dt_local_Mpc": 4668.595898945735,
        "tension_global_sigma": 0.8555114511813796,
        "tension_local_sigma": -0.3567360156236942,
        "ref": "Rusu+2020"
      },
      {
        "name": "PG1115+080",
        "z_L": 0.311,
        "z_S": 1.722,
        "D_dt_obs_Mpc": 1470,
        "D_dt_err_p": 137,
        "D_dt_err_m": 127,
        "D_dt_global_Mpc": 1731.9871553997118,
        "D_dt_local_Mpc": 1597.77412859752,
        "tension_global_sigma": 1.984751177270544,
        "tension_local_sigma": 0.9679858227084854,
        "ref": "Chen+2019"
      }
    ],
    "chi2_global": 16.528378023434083,
    "chi2_local": 4.627802029841072,
    "chi2_per_nu_global": 2.754729670572347,
    "chi2_per_nu_local": 0.7713003383068453,
    "n_lenses": 6,
    "H0_global": 67.4,
    "H0_mtdf_local": 73.06160000000001,
    "preferred": "H0_local",
    "avg_Ddt_ratio_global_to_local": 1.0839999999999996,
    "expected_ratio": 1.084,
    "mtdf_hubble_tension": {
      "H0_global": 67.4,
      "H0_local_predicted": 73.06160000000001,
      "H0_local_measured_SH0ES": 73.2,
      "H0_h0licow": 73.3,
      "S_0": 1.084,
      "explanation": "MTDF resolves the Hubble tension: H_local = S_0 * H_global = 73.1 km/s/Mpc, matching SH0ES (73.2) and H0LiCOW (73.3). The local void stress depletion biases distance-ladder measurements by the factor S_0 = 1.084. H0LiCOW lenses at z > 0.3 are outside the local void, but their D_dt inference depends on the assumed lens model, which introduces the mass-sheet degeneracy."
    },
    "interpretation": "D_dt scales as 1/H_0. MTDF global (H_0 = 67.4) predicts ~8% larger D_dt than MTDF local (H_0 = 73.1). H0LiCOW data prefer the local value \u2014 the same Hubble tension seen in SH0ES vs Planck."
  },
  "part_D_isothermal_slope": {
    "MTDF_prediction": 2.0,
    "MTDF_basis": "rho_stress = rho_0 f^2 L^2 / r^2 gives gamma = 2.000 exactly. This is structural: the elastic deformation energy is quadratic in chi = S - S_0, and chi proportional to 1/r gives rho proportional to 1/r^2.",
    "SLACS_comparison": {
      "SLACS_mean": 2.078,
      "SLACS_err_mean": 0.027,
      "SLACS_intrinsic_scatter": 0.16,
      "SLACS_N": 73,
      "residual_vs_mean_sigma": -2.888888888888883,
      "chi2_vs_mean": 8.345679012345645,
      "within_intrinsic_scatter": true,
      "chi2_with_scatter": 0.23107599984807536,
      "ref": "Auger+2010 (0911.2471)"
    },
    "LCDM_comparison": {
      "LCDM_explanation": "Bulge-halo conspiracy (Treu+2006): baryonic contraction steepens the inner profile while NFW dark matter flattens it. The net result is near-isothermal by coincidence.",
      "MTDF_explanation": "No conspiracy needed. The stress field is r^{-2} at all halo scales, independent of galaxy mass or morphology. Baryonic contamination at small radii (r < R_eff) may steepen the total profile slightly above gamma = 2.0, consistent with the SLACS mean of 2.08."
    },
    "interpretation": "MTDF predicts gamma = 2.000. SLACS observes 2.078 +/- 0.027 (scatter 0.16). Deviation: 2.9-sigma from the mean, but well within the intrinsic scatter (True). The slight excess (gamma > 2) is expected from baryonic contribution at the Einstein radius."
  },
  "part_E_velocity_dispersion": {
    "lens_predictions": [
      {
        "name": "B1608+656",
        "log_Mstar": 11.2,
        "M_bar_Msun": 166413785208.41666,
        "v_flat_kms": 240.18994553998755,