{
  "_meta": {
    "author": "Ingo Mesche",
    "affiliation": "Independent Researcher, Malta",
    "framework": "MTDF V74"
  },
  "timestamp": "2026-02-06T00:17:54.262184",
  "probes": [
    "planck_plik_lite",
    "desi_y1_bao",
    "pantheonplus_sne"
  ],
  "config": {
    "n_walkers": 32,
    "n_steps": 5000,
    "n_burn": 1000,
    "n_dim": 7,
    "kf_prior": [
      0.0,
      2.0
    ]
  },
  "acceptance_fraction": 0.4457,
  "best_fit": {
    "omega_b": 0.02239626326533978,
    "omega_cdm": 0.11960057468230474,
    "H0": 67.56601206153937,
    "tau_reio": 0.05919835170297081,
    "n_s": 0.9656558067363532,
    "ln10^{10}A_s": 3.0527170167799347,
    "k_f": 0.08580103410215201
  },
  "best_logL": -1303.4438665718387,
  "best_chi2_total": 2606.8877331436775,
  "best_chi2_planck": 582.7425553794639,
  "best_chi2_bao": 20.27343241952105,
  "best_chi2_sne": 2003.4396909430147,
  "lcdm_chi2_total": 2607.8004726951244,
  "delta_chi2": -0.9127395514469754,
  "posteriors": {
    "omega_b": {
      "median": 0.022418903771639926,
      "lower_1sigma": 0.022290540768024055,
      "upper_1sigma": 0.022546288300034058,
      "mean": 0.022418791342964275,
      "std": 0.00012953714660651693
    },
    "omega_cdm": {
      "median": 0.11922072491792092,
      "lower_1sigma": 0.11831681279850392,
      "upper_1sigma": 0.12013325962128543,
      "mean": 0.11922869333068002,
      "std": 0.0009092596267085036
    },
    "H0": {
      "median": 67.64003806586017,
      "lower_1sigma": 67.23924891640945,
      "upper_1sigma": 68.04777109875326,
      "mean": 67.642777036938,
      "std": 0.39896141275564473
    },
    "tau_reio": {
      "median": 0.059540788483579965,
      "lower_1sigma": 0.05222384895823866,
      "upper_1sigma": 0.06648755584277495,
      "mean": 0.05944408691492225,
      "std": 0.007102410376045268
    },
    "n_s": {
      "median": 0.9666109892189453,
      "lower_1sigma": 0.962936107224628,
      "upper_1sigma": 0.9702176693313792,
      "mean": 0.9666015057615973,
      "std": 0.0036378699694901407
    },
    "ln10^{10}A_s": {
      "median": 3.052411850520813,
      "lower_1sigma": 3.037692423061993,
      "upper_1sigma": 3.0663362944366312,
      "mean": 3.0522036603609095,
      "std": 0.014304007979921093
    },
    "k_f": {
      "median": 0.9273854637654803,
      "lower_1sigma": 0.2835209134180059,
      "upper_1sigma": 1.6482240416597145,
      "mean": 0.9531093527338582,
      "std": 0.5792914416596743,
      "95_upper_limit": 1.8855560731574104
    }
  },
  "elapsed_minutes": 27.78731373548508
}
