{
  "_meta": {
    "author": "Ingo Mesche",
    "affiliation": "Independent Researcher, Malta",
    "framework": "MTDF V74"
  },
  "description": "Step 17: Group/cluster baryon completion. Shows that bins 5-7 underprediction is explained by missing baryonic components (hot gas, satellites, ICL), not missing gravity.",
  "method": "Replace central-only M_bar with total baryon budget (central + gas + satellites + ICL) using published scaling relations. No gravity changes, no parameter retuning.",
  "scaling_relations": {
    "gas_fraction": "Giodini+2009 (ApJ 703, 982)",
    "stellar_fraction": "Gonzalez+2013 (ApJ 778, 14)",
    "halo_mass": "Moster+2013 SHMR (mass proxy)",
    "concentration": "Duffy+2008"
  },
  "mass_budget": [
    {
      "bin": 1,
      "log_Mstar": 10.2,
      "M_star_central": 15848931924.611109,
      "M_bar_central": 16641378520.841665,
      "M200": 435190338610.5456,
      "c200": 6.490431508087867,
      "M500": 327865883045.2985,
      "r500_kpc": 104.7242485181311,
      "f_gas": 0.026716807877679594,
      "M_gas": 8759529806.967009,
      "f_star_total": 0.0996262175266487,
      "M_star_total": 32664037783.837673,
      "M_sat_icl": 16815105859.226564,
      "M_bar_total": 42216014187.03524,
      "M_bar_ratio": 2.5368099243799964,
      "f_central": 0.8347882093470603,
      "f_total": 1.0535333512126466,
      "f_ratio": 1.262036693159191
    },
    {
      "bin": 2,
      "log_Mstar": 10.55,
      "M_star_central": 35481338923.357605,
      "M_bar_central": 36900592480.29191,
      "M200": 1055140812516.6871,
      "c200": 6.025104065733375,
      "M500": 785974573480.0668,
      "r500_kpc": 140.15803789521823,
      "f_gas": 0.03238331219182569,
      "M_gas": 25452459987.842045,
      "f_star_total": 0.0720908427105132,
      "M_star_total": 56661569351.214195,
      "M_sat_icl": 21180230427.85659,
      "M_bar_total": 83533282895.99054,
      "M_bar_ratio": 2.2637382567936952,
      "f_central": 1.0186789136017367,
      "f_total": 1.2495218907582446,
      "f_ratio": 1.2266101458214325
    },
    {
      "bin": 3,
      "log_Mstar": 10.85,
      "M_star_central": 70794578438.41373,
      "M_bar_central": 72918415791.56615,
      "M200": 4506270049205.773,
      "c200": 5.33337329337131,
      "M500": 3290700628738.13,
      "r500_kpc": 225.89743599301747,
      "f_gas": 0.044374639690640545,
      "M_gas": 146023654730.01883,
      "f_star_total": 0.04244089634928939,
      "M_star_total": 139660284300.81638,
      "M_sat_icl": 68865705862.40265,
      "M_bar_total": 287807776383.9876,
      "M_bar_ratio": 3.946983395890999,
      "f_central": 1.2077812628598945,
      "f_total": 1.7023725688307374,
      "f_ratio": 1.4095040394977685
    },
    {
      "bin": 4,
      "log_Mstar": 11.1,
      "M_star_central": 125892541179.41661,
      "M_bar_central": 128410392003.00494,
      "M200": 19208841947662.93,
      "c200": 4.721810227182532,
      "M500": 13728077451627.158,
      "r500_kpc": 363.6512491766652,
      "f_gas": 0.060758289094365474,
      "M_gas": 834094498515.803,
      "f_star_total": 0.0250187524153602,
      "M_star_total": 343459370901.14886,
      "M_sat_icl": 217566829721.73224,
      "M_bar_total": 1180071720240.54,
      "M_bar_ratio": 9.189845944967796,
      "f_central": 1.3913263960432438,
      "f_total": 2.4224570309040465,
      "f_ratio": 1.7411133992664898
    },
    {
      "bin": 5,
      "log_Mstar": 11.3,
      "M_star_central": 199526231496.88828,
      "M_bar_central": 202519124969.34158,
      "M200": 62125339142796.09,
      "c200": 4.278465663934297,
      "M500": 43572501137925.12,
      "r500_kpc": 534.4240658857767,
      "f_gas": 0.07833541439552097,
      "M_gas": 3413269932888.673,
      "f_star_total": 0.016318214019987554,
      "M_star_total": 711025398954.8134,
      "M_sat_icl": 511499167457.92505,
      "M_bar_total": 4127288225315.9395,
      "M_bar_ratio": 20.3797454978178,
      "f_central": 1.559177260230113,
      "f_total": 3.3127997236133826,
      "f_ratio": 2.124710132781477
    },
    {
      "bin": 6,
      "log_Mstar": 11.5,
      "M_star_central": 316227766016.83795,
      "M_bar_central": 319390043677.00635,
      "M200": 201108448859877.84,
      "c200": 3.876452630202819,
      "M500": 138244143409428.31,
      "r500_kpc": 785.2912482851033,
      "f_gas": 0.10098890903521701,
      "M_gas": 13961125223426.252,
      "f_star_total": 0.010644908961147287,
      "M_star_total": 1471596321005.154,
      "M_sat_icl": 1155368554988.3162,
      "M_bar_total": 15435883822091.574,
      "M_bar_ratio": 48.32925799559869,
      "f_central": 1.7472672030095997,
      "f_total": 4.606932583278071,
      "f_ratio": 2.6366502932938984
    },
    {
      "bin": 7,
      "log_Mstar": 11.7,
      "M_star_central": 501187233627.2715,
      "M_bar_central": 506199105963.5442,
      "M200": 651073863415906.8,
      "c200": 3.5121874435812344,
      "M500": 438059807330847.1,
      "r500_kpc": 1153.4346119122388,
      "f_gas": 0.13015736478533924,
      "M_gas": 57016710140556.49,
      "f_star_total": 0.00694726532022276,
      "M_star_total": 3043317707653.058,
      "M_sat_icl": 2542130474025.7866,
      "M_bar_total": 60065039720545.83,
      "M_bar_ratio": 118.65892099159818,
      "f_central": 1.9604660463733452,
      "f_total": 6.470449079549646,
      "f_ratio": 3.3004647499604967
    }
  ],
  "route_a": {
    "description": "Forward model with f_total from scaling relations",
    "per_bin": [
      {
        "bin": 1,
        "log_Mstar": 10.2,
        "chi2_central": 14.370671902011605,
        "chi2_completed": 18.504108494091078,
        "chi2_per_nu_central": 0.9580447934674403,
        "chi2_per_nu_completed": 1.2336072329394052,
        "mean_resid_central": -0.11721794996018492,
        "rms_resid_central": 0.9787976264108125,
        "mean_resid_completed": -0.5500207306282583,
        "rms_resid_completed": 1.1106787262477864,
        "n_pts": 15
      },
      {
        "bin": 2,
        "log_Mstar": 10.55,
        "chi2_central": 33.22850803453144,
        "chi2_completed": 69.64030216119649,
        "chi2_per_nu_central": 2.2152338689687623,
        "chi2_per_nu_completed": 4.642686810746432,
        "mean_resid_central": -0.6941479192361368,
        "rms_resid_central": 1.4883661743565535,
        "mean_resid_completed": -1.6774512311173846,
        "rms_resid_completed": 2.1546894928844,
        "n_pts": 15
      },
      {
        "bin": 3,
        "log_Mstar": 10.85,
        "chi2_central": 40.110772158824375,
        "chi2_completed": 285.27067699722045,
        "chi2_per_nu_central": 2.674051477254958,
        "chi2_per_nu_completed": 19.01804513314803,
        "mean_resid_central": -0.23950047112971717,
        "rms_resid_central": 1.635252725805696,
        "mean_resid_completed": -3.9639223094324105,
        "rms_resid_completed": 4.360968371032749,
        "n_pts": 15
      },
      {
        "bin": 4,
        "log_Mstar": 11.1,
        "chi2_central": 65.36217087895126,
        "chi2_completed": 728.5252955206571,
        "chi2_per_nu_central": 4.357478058596751,
        "chi2_per_nu_completed": 48.568353034710476,
        "mean_resid_central": 1.2910852070237733,
        "rms_resid_central": 2.0874573189880437,
        "mean_resid_completed": -6.561306735597262,
        "rms_resid_completed": 6.969099872631363,
        "n_pts": 15
      },
      {
        "bin": 5,
        "log_Mstar": 11.3,
        "chi2_central": 232.6438266524027,
        "chi2_completed": 1334.3500961023626,
        "chi2_per_nu_central": 15.509588443493515,
        "chi2_per_nu_completed": 88.95667307349085,
        "mean_resid_central": 3.527314099641954,
        "rms_resid_central": 3.938221482280233,
        "mean_resid_completed": -8.724618287616801,
        "rms_resid_completed": 9.431684530002626,
        "n_pts": 15
      },
      {
        "bin": 6,
        "log_Mstar": 11.5,
        "chi2_central": 411.2113589505579,