test,finder,gamma_ngc,gamma_ngc_err,gamma_sgc,gamma_sgc_err,delta_gamma,delta_se,z_score,p_value,n_ngc,n_sgc,notes
baseline,voidfinder,1.0707641385225305e-05,0.003931306996235676,0.0016438082178422738,0.0021527578044300342,-0.0016331005764570485,0.004482135747965025,-0.3643576786353486,0.7155909341329805,289,275,Phase 3 baseline
baseline_FE,voidfinder,-0.0004473618166885296,0.004126874252196772,0.0004070293280202232,0.0023313716095316028,-0.0008543911447087527,0.00473987179944507,-0.18025617165611574,0.8569514619568115,289,275,Phase 3 with survey FE
A_IPW,voidfinder,0.0011122184372321633,0.004155144650670346,0.001654955949402655,0.0029307390625606376,-0.0005427375121704917,0.005084727969204763,-0.10673875091401877,0.9149962394186684,289,275,IPW weighted
C_Wald,voidfinder,1.0707641385225305e-05,0.003931306996235676,0.0016438082178422738,0.0021527578044300342,-0.0016331005764570485,0.004482135747965025,-0.3643576786353486,0.7155909341329805,289,275,"Wald p=0.716, boot p=0.250"
D_geometry,voidfinder,,,,,-0.0016331005764570485,,,0.8,,,"mock p=0.800, n_mocks=20"
